{
  "Top": "fir",
  "RtlTop": "fir",
  "RtlPrefix": "",
  "RtlSubPrefix": "fir_",
  "SourceLanguage": "cpp",
  "HostMachineBits": "64",
  "FunctionProtocol": "ap_ctrl_hs",
  "ResetStyle": "control",
  "Target": {
    "Family": "virtexuplus",
    "Device": "xcvu11p",
    "Package": "-flga2577",
    "Speed": "-1-e",
    "Triple": "fpga64-xilinx-none"
  },
  "Args": {
    "y": {
      "index": "0",
      "direction": "out",
      "srcType": "int*",
      "srcSize": "32",
      "hwRefs": [
        {
          "type": "port",
          "interface": "y",
          "name": "y",
          "usage": "data",
          "direction": "out"
        },
        {
          "type": "port",
          "interface": "y_ap_vld",
          "name": "y_ap_vld",
          "usage": "control",
          "direction": "out"
        }
      ]
    },
    "x": {
      "index": "1",
      "direction": "in",
      "srcType": "int",
      "srcSize": "32",
      "hwRefs": [{
          "type": "port",
          "interface": "x",
          "name": "x",
          "usage": "data",
          "direction": "in"
        }]
    }
  },
  "HlsSolution": {
    "FlowTarget": "vivado",
    "ConfigTcl": [
      "config_export -format=ip_catalog",
      "config_export -output=E:\/Tapped_FIR\/fir.zip",
      "config_export -rtl=verilog"
    ],
    "DirectiveTcl": ["set_directive_top fir -name fir"],
    "ProfileOption": "0",
    "ProfileType": "none",
    "KernelName": "fir"
  },
  "ClockInfo": {
    "ClockName": "ap_clk",
    "ClockPeriod": "10",
    "Uncertainty": "2.7",
    "IsCombinational": "0",
    "II": "x",
    "Latency": "40"
  },
  "Xdc": {"OocClocks": ["create_clock -name ap_clk -period 10.000 [get_ports ap_clk]"]},
  "Ipx": {
    "Vendor": "xilinx.com",
    "Library": "hls",
    "Name": "fir",
    "Version": "1.0",
    "DisplayName": "Fir",
    "Revision": "",
    "Description": "An IP generated by Vitis HLS",
    "Taxonomy": "\/VITIS_HLS_IP",
    "AutoFamilySupport": "",
    "ZipFile": "xilinx_com_hls_fir_1_0.zip"
  },
  "Files": {
    "CSource": ["..\/..\/FIR_Lab\/fir.cpp"],
    "Vhdl": [
      "impl\/vhdl\/fir_fir_int_int_c.vhd",
      "impl\/vhdl\/fir_mul_11s_32s_32_1_1.vhd",
      "impl\/vhdl\/fir_mul_32s_7ns_32_1_1.vhd",
      "impl\/vhdl\/fir_shift_reg.vhd",
      "impl\/vhdl\/fir.vhd"
    ],
    "Verilog": [
      "impl\/verilog\/fir_fir_int_int_c.v",
      "impl\/verilog\/fir_fir_int_int_c_rom.dat",
      "impl\/verilog\/fir_mul_11s_32s_32_1_1.v",
      "impl\/verilog\/fir_mul_32s_7ns_32_1_1.v",
      "impl\/verilog\/fir_shift_reg.v",
      "impl\/verilog\/fir_shift_reg_ram.dat",
      "impl\/verilog\/fir.v"
    ],
    "IpMisc": ["impl\/misc\/logo.png"],
    "DesignXml": ".autopilot\/db\/fir.design.xml",
    "DebugDir": ".debug",
    "ProtoInst": ["E:\/Tapped_FIR\/Tapped_fir\/solution1\/.debug\/fir.protoinst"]
  },
  "SubcoreInfo": {
    "HasXpmMemory": false,
    "HasClockedDsp": false,
    "Ip": []
  },
  "Interfaces": {
    "ap_clk": {
      "type": "clock",
      "busTypeName": "clock",
      "mode": "slave",
      "busParams": {"ASSOCIATED_RESET": "ap_rst"},
      "portMap": {"ap_clk": "CLK"},
      "ports": ["ap_clk"]
    },
    "ap_ctrl": {
      "type": "ap_ctrl",
      "busTypeName": "acc_handshake",
      "mode": "slave",
      "portMap": {
        "ap_start": "start",
        "ap_done": "done",
        "ap_idle": "idle",
        "ap_ready": "ready"
      },
      "ports": [
        "ap_done",
        "ap_idle",
        "ap_ready",
        "ap_start"
      ]
    },
    "ap_rst": {
      "type": "reset",
      "busTypeName": "reset",
      "mode": "slave",
      "busParams": {"POLARITY": "ACTIVE_HIGH"},
      "portMap": {"ap_rst": "RST"},
      "ports": ["ap_rst"]
    },
    "x": {
      "type": "data",
      "busTypeName": "data",
      "mode": "slave",
      "dataWidth": "32",
      "portMap": {"x": "DATA"},
      "ports": ["x"],
      "constraints": [{
          "constraint_type": "pragma interface",
          "mode": "ap_none",
          "register_option": "0",
          "argName": "x"
        }]
    },
    "y": {
      "type": "data",
      "busTypeName": "data",
      "mode": "master",
      "dataWidth": "32",
      "portMap": {"y": "DATA"},
      "ports": ["y"],
      "constraints": [{
          "constraint_type": "pragma interface",
          "mode": "ap_none",
          "register_option": "0",
          "argName": "y"
        }]
    }
  },
  "RtlPorts": {
    "ap_clk": {
      "dir": "in",
      "width": "1"
    },
    "ap_rst": {
      "dir": "in",
      "width": "1"
    },
    "ap_start": {
      "dir": "in",
      "width": "1"
    },
    "ap_done": {
      "dir": "out",
      "width": "1"
    },
    "ap_idle": {
      "dir": "out",
      "width": "1"
    },
    "ap_ready": {
      "dir": "out",
      "width": "1"
    },
    "y": {
      "dir": "out",
      "width": "32"
    },
    "y_ap_vld": {
      "dir": "out",
      "width": "1"
    },
    "x": {
      "dir": "in",
      "width": "32"
    }
  },
  "ModuleInfo": {
    "Hierarchy": {"ModuleName": "fir"},
    "Info": {"fir": {
        "FunctionProtocol": "ap_ctrl_hs",
        "isTaskLevelControl": "0",
        "isPipelined": "0",
        "isCombinational": "0",
        "isOneStateSeq": "0"
      }},
    "Metrics": {"fir": {
        "Latency": {
          "LatencyBest": "40",
          "LatencyAvg": "40",
          "LatencyWorst": "40",
          "PipelineII": "41",
          "PipelineDepth": "",
          "PipelineType": "none"
        },
        "Timing": {
          "Target": "10.00",
          "Uncertainty": "2.70",
          "Estimate": "6.232"
        },
        "Loops": [{
            "Name": "Shift_Accum_Loop",
            "TripCount": "19",
            "Latency": "38",
            "PipelineII": "2",
            "PipelineDepth": "2"
          }],
        "Area": {
          "BRAM_18K": "0",
          "AVAIL_BRAM": "4032",
          "UTIL_BRAM": "0",
          "DSP": "1",
          "AVAIL_DSP": "9216",
          "UTIL_DSP": "~0",
          "FF": "210",
          "AVAIL_FF": "2592000",
          "UTIL_FF": "~0",
          "LUT": "230",
          "AVAIL_LUT": "1296000",
          "UTIL_LUT": "~0",
          "URAM": "0",
          "AVAIL_URAM": "960",
          "UTIL_URAM": "0"
        }
      }}
  },
  "GenerateBdFiles": "0",
  "GenData": {
    "DataVersion": "0.2",
    "Time": "2025-02-21 11:29:45 +0530",
    "ToolName": "vivado_hls",
    "ToolVersion": "2020.2"
  }
}
