<VitisHLS:BurstInfo>
    <burst group="BURST_VERBOSE_MISSED" fe_name="UnknownUnderlyingObjectMissed" src_info="FIR_Lab/fir.cpp:25:5" msg_id="214-117" msg_severity="INFO" msg_body="Cannot find or modify the underlying object pointed by 1" ID="bb5.store.1" VarName="1"/>
    <burst group="BURST_VERBOSE_MISSED" fe_name="UnknownUnderlyingObjectMissed" src_info="FIR_Lab/fir.cpp:18:18" msg_id="214-117" msg_severity="INFO" msg_body="Cannot find or modify the underlying object pointed by getelementptr inbounds ([19 x i32], [19 x i32]* @_ZZ3firPiiE9shift_reg, i64 0, i64 0)" ID="bb2.store.2" VarName="_ZZ3firPiiE9shift_reg"/>
    <burst group="BURST_VERBOSE_MISSED" fe_name="UnknownUnderlyingObjectMissed" src_info="FIR_Lab/fir.cpp:21:20" msg_id="214-117" msg_severity="INFO" msg_body="Cannot find or modify the underlying object pointed by getelementptr" ID="bb3.load.2" VarName="_ZZ3firPiiE9shift_reg"/>
    <burst group="BURST_VERBOSE_MISSED" fe_name="UnknownUnderlyingObjectMissed" src_info="FIR_Lab/fir.cpp:21:18" msg_id="214-117" msg_severity="INFO" msg_body="Cannot find or modify the underlying object pointed by getelementptr" ID="bb3.store.4" VarName="_ZZ3firPiiE9shift_reg"/>
    <burst group="BURST_VERBOSE_MISSED" fe_name="UnknownUnderlyingObjectMissed" src_info="FIR_Lab/fir.cpp:22:25" msg_id="214-117" msg_severity="INFO" msg_body="Cannot find or modify the underlying object pointed by getelementptr" ID="bb3.load.6" VarName="_ZZ3firPiiE1c"/>
    <burst group="BURST_VERBOSE_MISSED" fe_name="UnknownUnderlyingObjectMissed" src_info="FIR_Lab/fir.cpp:21:20" msg_id="214-117" msg_severity="INFO" msg_body="Cannot find or modify the underlying object pointed by getelementptr" ID="bb3.load.2" VarName="_ZZ3firPiiE9shift_reg"/>
    <burst group="BURST_VERBOSE_MISSED" fe_name="UnknownUnderlyingObjectMissed" src_info="FIR_Lab/fir.cpp:21:18" msg_id="214-117" msg_severity="INFO" msg_body="Cannot find or modify the underlying object pointed by getelementptr" ID="bb3.store.4" VarName="_ZZ3firPiiE9shift_reg"/>
    <burst group="BURST_VERBOSE_MISSED" fe_name="UnknownUnderlyingObjectMissed" src_info="FIR_Lab/fir.cpp:22:25" msg_id="214-117" msg_severity="INFO" msg_body="Cannot find or modify the underlying object pointed by getelementptr" ID="bb3.load.6" VarName="_ZZ3firPiiE1c"/>
    <burst group="BURST_VERBOSE_MISSED" fe_name="UnknownUnderlyingObjectMissed" src_info="FIR_Lab/fir.cpp:18:18" msg_id="214-117" msg_severity="INFO" msg_body="Cannot find or modify the underlying object pointed by getelementptr inbounds ([19 x i32], [19 x i32]* @_ZZ3firPiiE9shift_reg, i64 0, i64 0)" ID="bb2.store.2" VarName="_ZZ3firPiiE9shift_reg"/>
</VitisHLS:BurstInfo>

