<profile>

<section name = "Vitis HLS Report for 'fir'" level="0">
<item name = "Date">Fri Feb 21 11:29:43 2025
</item>
<item name = "Version">2020.2 (Build 3064766 on Wed Nov 18 09:12:45 MST 2020)</item>
<item name = "Project">Tapped_fir</item>
<item name = "Solution">solution1 (Vivado IP Flow Target)</item>
<item name = "Product family">virtexuplus</item>
<item name = "Target device">xcvu11p-flga2577-1-e</item>
</section>

<section name = "Performance Estimates" level="0">
<item name = "Timing">
<section name = "" level="1">
<item name = "Summary"><table name="" hasTotal="0">
<keys size="4">Clock, Target, Estimated, Uncertainty</keys>
<column name="ap_clk">10.00 ns, 6.232 ns, 2.70 ns</column>
</table>
</item>
</section>
</item>
<item name = "Latency">
<section name = "" level="1">
<item name = "Summary"><table name="" hasTotal="0">
<keys size="8">, min, max, min, max, min, max, Type</keys>
<column name="">40, 40, 0.400 us, 0.400 us, 41, 41, none</column>
</table>
</item>
<item name = "Detail">
<section name = "" level="1">
<item name = "Instance"><table name="" hasTotal="0">
<keys size="9">Instance, Module, min, max, min, max, min, max, Type</keys>
</table>
</item>
<item name = "Loop"><table name="" hasTotal="0">
<keys size="8">Loop Name, min, max, Latency, achieved, target, Count, Pipelined</keys>
<column name="- Shift_Accum_Loop">38, 38, 2, 2, 1, 19, yes</column>
</table>
</item>
</section>
</item>
</section>
</item>
</section>

<section name = "Utilization Estimates" level="0">
<item name = "Summary"><table name="" hasTotal="1">
<keys size="6">Name, BRAM_18K, DSP, FF, LUT, URAM</keys>
<column name="DSP">-, -, -, -, -</column>
<column name="Expression">-, -, 0, 74, -</column>
<column name="FIFO">-, -, -, -, -</column>
<column name="Instance">-, 1, 0, 40, -</column>
<column name="Memory">0, -, 96, 20, -</column>
<column name="Multiplexer">-, -, -, 96, -</column>
<column name="Register">-, -, 114, -, -</column>
<specialColumn name="Available SLR">1344, 3072, 864000, 432000, 320</specialColumn>
<specialColumn name="Utilization SLR (%)">0, ~0, ~0, ~0, 0</specialColumn>
<specialColumn name="Available">4032, 9216, 2592000, 1296000, 960</specialColumn>
<specialColumn name="Utilization (%)">0, ~0, ~0, ~0, 0</specialColumn>
</table>
</item>
<item name = "Detail">
<section name = "" level="1">
<item name = "Instance"><table name="" hasTotal="1">
<keys size="7">Instance, Module, BRAM_18K, DSP, FF, LUT, URAM</keys>
<column name="mul_11s_32s_32_1_1_U2">mul_11s_32s_32_1_1, 0, 1, 0, 20, 0</column>
<column name="mul_32s_7ns_32_1_1_U1">mul_32s_7ns_32_1_1, 0, 0, 0, 20, 0</column>
</table>
</item>
<item name = "DSP"><table name="" hasTotal="0">
<keys size="3">Instance, Module, Expression</keys>
</table>
</item>
<item name = "Memory"><table name="" hasTotal="1">
<keys size="10">Memory, Module, BRAM_18K, FF, LUT, URAM, Words, Bits, Banks, W*Bits*Banks</keys>
<column name="fir_int_int_c_U">fir_int_int_c, 0, 32, 10, 0, 19, 32, 1, 608</column>
<column name="shift_reg_U">shift_reg, 0, 64, 10, 0, 19, 32, 1, 608</column>
</table>
</item>
<item name = "FIFO"><table name="" hasTotal="1">
<keys size="8">Name, BRAM_18K, FF, LUT, URAM, Depth, Bits, Size:D*B</keys>
</table>
</item>
<item name = "Expression"><table name="" hasTotal="1">
<keys size="7">Variable Name, Operation, DSP, FF, LUT, Bitwidth P0, Bitwidth P1</keys>
<column name="acc_1_fu_196_p2">+, 0, 0, 39, 32, 32</column>
<column name="add_ln12_fu_190_p2">+, 0, 0, 13, 6, 2</column>
<column name="add_ln21_fu_172_p2">+, 0, 0, 12, 5, 2</column>
<column name="icmp_ln16_fu_166_p2">icmp, 0, 0, 10, 6, 1</column>
</table>
</item>
<item name = "Multiplexer"><table name="" hasTotal="1">
<keys size="5">Name, LUT, Input Size, Bits, Total Bits</keys>
<column name="acc_reg_121">9, 2, 32, 64</column>
<column name="ap_NS_fsm">26, 5, 1, 5</column>
<column name="ap_phi_mux_mul_pn_phi_fu_137_p4">9, 2, 32, 64</column>
<column name="i_reg_109">9, 2, 6, 12</column>
<column name="mul_pn_reg_134">9, 2, 32, 64</column>
<column name="shift_reg_address0">20, 4, 5, 20</column>
<column name="shift_reg_d0">14, 3, 32, 96</column>
</table>
</item>
<item name = "Register"><table name="" hasTotal="1">
<keys size="5">Name, FF, LUT, Bits, Const Bits</keys>
<column name="acc_reg_121">32, 0, 32, 0</column>
<column name="ap_CS_fsm">4, 0, 4, 0</column>
<column name="i_cast1_reg_216">6, 0, 64, 58</column>
<column name="i_reg_109">6, 0, 6, 0</column>
<column name="icmp_ln16_reg_221">1, 0, 1, 0</column>
<column name="mul_pn_reg_134">32, 0, 32, 0</column>
<column name="mul_reg_207">32, 0, 32, 0</column>
<column name="tmp_reg_212">1, 0, 1, 0</column>
</table>
</item>
</section>
</item>
</section>

<section name = "Interface" level="0">
<item name = "Summary"><table name="" hasTotal="0">
<keys size="6">RTL Ports, Dir, Bits, Protocol, Source Object, C Type</keys>
<column name="ap_clk">in, 1, ap_ctrl_hs, fir, return value</column>
<column name="ap_rst">in, 1, ap_ctrl_hs, fir, return value</column>
<column name="ap_start">in, 1, ap_ctrl_hs, fir, return value</column>
<column name="ap_done">out, 1, ap_ctrl_hs, fir, return value</column>
<column name="ap_idle">out, 1, ap_ctrl_hs, fir, return value</column>
<column name="ap_ready">out, 1, ap_ctrl_hs, fir, return value</column>
<column name="y">out, 32, ap_vld, y, pointer</column>
<column name="y_ap_vld">out, 1, ap_vld, y, pointer</column>
<column name="x">in, 32, ap_none, x, scalar</column>
</table>
</item>
</section>
</profile>
