<profile>

<section name = "Vitis HLS Report for 'fir'" level="0">
<item name = "Date">Fri Feb 21 11:29:43 2025
</item>
<item name = "Version">2020.2 (Build 3064766 on Wed Nov 18 09:12:45 MST 2020)</item>
<item name = "Project">Tapped_fir</item>
<item name = "Solution">solution1 (Vivado IP Flow Target)</item>
<item name = "Product family">virtexuplus</item>
<item name = "Target device">xcvu11p-flga2577-1-e</item>
</section>

<section name = "Performance Estimates" level="0">
<item name = "Timing">
<section name = "" level="1">
<item name = "Summary"><table name="" hasTotal="0">
<keys size="4">Clock, Target, Estimated, Uncertainty</keys>
<column name="ap_clk">10.00 ns, 6.232 ns, 2.70 ns</column>
</table>
</item>
</section>
</item>
<item name = "Latency">
<section name = "" level="1">
<item name = "Summary"><table name="" hasTotal="0">
<keys size="8">, min, max, min, max, min, max, Type</keys>
<column name="">40, 40, 0.400 us, 0.400 us, 41, 41, none</column>
</table>
</item>
<item name = "Detail">
<section name = "" level="1">
<item name = "Instance"><table name="" hasTotal="0">
<keys size="9">Instance, Module, min, max, min, max, min, max, Type</keys>
</table>
</item>
<item name = "Loop"><table name="" hasTotal="0">
<keys size="8">Loop Name, min, max, Latency, achieved, target, Count, Pipelined</keys>
<column name="- Shift_Accum_Loop">38, 38, 2, 2, 1, 19, yes</column>
</table>
</item>
</section>
</item>
</section>
</item>
</section>
</profile>
